{
  "test/integration/pages/OrdenCompraObjectPage.js": 1741991826614,
  "Component.js": 1741991826614,
  "test/integration/pages/OrdenCompraList.js": 1741991826614,
  "test/integration/opaTests.qunit.js": 1741991826614,
  "test/integration/FirstJourney.js": 1741991826614,
  "test/testsuite.qunit.js": 1741991826614,
  "xs-app.json": 1746477369819,
  "manifest.json": 1742570713238,
  "i18n/i18n.properties": 1741991826614,
  "test/integration/pages/OrdenCompraList-dbg.js": 1741991826614,
  "test/integration/pages/OrdenCompraList.js.map": 1746478389239,
  "Component-dbg.js": 1741991826614,
  "Component.js.map": 1746478389244,
  "test/integration/opaTests.qunit-dbg.js": 1741991826614,
  "test/integration/opaTests.qunit.js.map": 1746478389241,
  "test/integration/FirstJourney-dbg.js": 1741991826614,
  "test/integration/FirstJourney.js.map": 1746478389242,
  "test/testsuite.qunit-dbg.js": 1741991826614,
  "test/testsuite.qunit.js.map": 1746478389243,
  "test/integration/pages/OrdenCompraObjectPage-dbg.js": 1741991826614,
  "test/integration/pages/OrdenCompraObjectPage.js.map": 1746478389244,
  "Component-preload.js": 1746478389373,
  "Component-preload.js.map": 1746478389373,
  "test/integration/opaTests.qunit.html": 1741991826614,
  "test/testsuite.qunit.html": 1741991826614,
  "test/flpSandbox.html": 1741991826614,
  "index.html": 1741991826614
}