{
  "test/integration/pages/OrdenCompraObjectPage.js.map": 1745942310158,
  "Component.js": 1741991826614,
  "test/integration/pages/OrdenCompraList.js": 1741991826614,
  "test/integration/opaTests.qunit.js": 1741991826614,
  "test/integration/FirstJourney.js": 1741991826614,
  "test/testsuite.qunit.js": 1741991826614,
  "xs-app.json": 1745873422611,
  "manifest.json": 1742570713238,
  "test/integration/pages/OrdenCompraObjectPage.js": 1741991826614,
  "Component-dbg.js": 1741991826614,
  "Component.js.map": 1745942310154,
  "test/integration/pages/OrdenCompraList-dbg.js": 1741991826614,
  "test/integration/pages/OrdenCompraList.js.map": 1745942310155,
  "test/integration/opaTests.qunit-dbg.js": 1741991826614,
  "test/integration/opaTests.qunit.js.map": 1745942310154,
  "test/integration/FirstJourney-dbg.js": 1741991826614,
  "test/integration/FirstJourney.js.map": 1745942310156,
  "test/testsuite.qunit-dbg.js": 1741991826614,
  "test/testsuite.qunit.js.map": 1745942310159,
  "test/integration/pages/OrdenCompraObjectPage-dbg.js": 1741991826614,
  "i18n/i18n.properties": 1741991826614,
  "Component-preload.js": 1745942310290,
  "Component-preload.js.map": 1745942310290,
  "test/integration/opaTests.qunit.html": 1741991826614,
  "test/testsuite.qunit.html": 1741991826614,
  "test/flpSandbox.html": 1741991826614,
  "index.html": 1741991826614
}