{
  "Component.js.map": 1742588590048,
  "xs-app.json": 1742588573390,
  "test/integration/pages/OrdenCompraList.js": 1741991826614,
  "test/integration/opaTests.qunit.js": 1741991826614,
  "test/integration/FirstJourney.js": 1741991826614,
  "test/testsuite.qunit.js": 1741991826614,
  "test/integration/pages/OrdenCompraObjectPage.js": 1741991826614,
  "manifest.json": 1742570713238,
  "Component.js": 1741991826614,
  "test/integration/opaTests.qunit-dbg.js": 1741991826614,
  "test/integration/opaTests.qunit.js.map": 1742588590051,
  "test/integration/pages/OrdenCompraList-dbg.js": 1741991826614,
  "test/integration/pages/OrdenCompraList.js.map": 1742588590045,
  "test/integration/FirstJourney-dbg.js": 1741991826614,
  "test/integration/FirstJourney.js.map": 1742588590049,
  "test/testsuite.qunit-dbg.js": 1741991826614,
  "test/testsuite.qunit.js.map": 1742588590051,
  "test/integration/pages/OrdenCompraObjectPage-dbg.js": 1741991826614,
  "test/integration/pages/OrdenCompraObjectPage.js.map": 1742588590047,
  "Component-dbg.js": 1741991826614,
  "i18n/i18n.properties": 1741991826614,
  "Component-preload.js": 1742588590229,
  "Component-preload.js.map": 1742588590229,
  "test/integration/opaTests.qunit.html": 1741991826614,
  "test/testsuite.qunit.html": 1741991826614,
  "test/flpSandbox.html": 1741991826614,
  "index.html": 1741991826614
}