{
  "test/testsuite.qunit.html": 1742243446733,
  "test/integration/pages/OrdenCompraList.js": 1742243446733,
  "test/integration/pages/OrdenCompraObjectPage.js": 1742243446733,
  "test/integration/opaTests.qunit.js": 1742243446733,
  "test/integration/FirstJourney.js": 1742243446733,
  "test/testsuite.qunit.js": 1742243446733,
  "xs-app.json": 1742420106614,
  "manifest.json": 1742417382066,
  "Component.js": 1742243446733,
  "test/integration/FirstJourney-dbg.js": 1742243446733,
  "test/integration/FirstJourney.js.map": 1742420128505,
  "test/integration/pages/OrdenCompraObjectPage-dbg.js": 1742243446733,
  "test/integration/pages/OrdenCompraObjectPage.js.map": 1742420128484,
  "test/integration/opaTests.qunit-dbg.js": 1742243446733,
  "test/integration/opaTests.qunit.js.map": 1742420128485,
  "test/integration/pages/OrdenCompraList-dbg.js": 1742243446733,
  "test/integration/pages/OrdenCompraList.js.map": 1742420128475,
  "test/testsuite.qunit-dbg.js": 1742243446733,
  "test/testsuite.qunit.js.map": 1742420128478,
  "Component-dbg.js": 1742243446733,
  "Component.js.map": 1742420128480,
  "Component-preload.js": 1742420128575,
  "Component-preload.js.map": 1742420128575,
  "test/integration/opaTests.qunit.html": 1742243446733,
  "i18n/i18n.properties": 1742243446733,
  "test/flpSandbox.html": 1742243446733,
  "index.html": 1742243446733
}