{
  "test/flpSandbox.html": 1741991826614,
  "test/integration/opaTests.qunit.js": 1741991826614,
  "test/integration/pages/EntradaList.js": 1741991826614,
  "test/integration/pages/EntradaObjectPage.js": 1741991826614,
  "test/integration/FirstJourney.js": 1741991826614,
  "test/testsuite.qunit.js": 1741991826614,
  "xs-app.json": 1742571289560,
  "manifest.json": 1742570713238,
  "Component.js": 1741991826614,
  "test/testsuite.qunit-dbg.js": 1741991826614,
  "test/testsuite.qunit.js.map": 1742571299673,
  "test/integration/pages/EntradaList-dbg.js": 1741991826614,
  "test/integration/pages/EntradaList.js.map": 1742571299668,
  "test/integration/pages/EntradaObjectPage-dbg.js": 1741991826614,
  "test/integration/pages/EntradaObjectPage.js.map": 1742571299680,
  "test/integration/FirstJourney-dbg.js": 1741991826614,
  "test/integration/FirstJourney.js.map": 1742571299677,
  "test/integration/opaTests.qunit-dbg.js": 1741991826614,
  "test/integration/opaTests.qunit.js.map": 1742571299671,
  "Component-dbg.js": 1741991826614,
  "Component.js.map": 1742571299672,
  "Component-preload.js": 1742571299739,
  "Component-preload.js.map": 1742571299739,
  "test/integration/opaTests.qunit.html": 1741991826614,
  "test/testsuite.qunit.html": 1741991826614,
  "i18n/i18n.properties": 1741991826614,
  "index.html": 1741991826614
}