{
  "test/integration/pages/EntradaObjectPage-dbg.js": 1741991826614,
  "test/integration/FirstJourney.js": 1741991826614,
  "test/integration/pages/EntradaList.js": 1741991826614,
  "test/integration/opaTests.qunit.js": 1741991826614,
  "test/integration/pages/EntradaObjectPage.js": 1741991826614,
  "test/testsuite.qunit.js": 1741991826614,
  "xs-app.json": 1745873422611,
  "manifest.json": 1742570713238,
  "Component.js": 1741991826614,
  "Component-dbg.js": 1741991826614,
  "Component.js.map": 1745942289240,
  "test/integration/pages/EntradaList-dbg.js": 1741991826614,
  "test/integration/pages/EntradaList.js.map": 1745942289237,
  "test/integration/opaTests.qunit-dbg.js": 1741991826614,
  "test/integration/opaTests.qunit.js.map": 1745942289238,
  "i18n/i18n.properties": 1741991826614,
  "test/integration/pages/EntradaObjectPage.js.map": 1745942289246,
  "test/testsuite.qunit-dbg.js": 1741991826614,
  "test/testsuite.qunit.js.map": 1745942289241,
  "test/integration/FirstJourney-dbg.js": 1741991826614,
  "test/integration/FirstJourney.js.map": 1745942289245,
  "Component-preload.js": 1745942289326,
  "Component-preload.js.map": 1745942289326,
  "test/integration/opaTests.qunit.html": 1741991826614,
  "test/testsuite.qunit.html": 1741991826614,
  "test/flpSandbox.html": 1741991826614,
  "index.html": 1741991826614
}