{
  "i18n/i18n.properties": 1741991826614,
  "test/integration/pages/EntradaList.js": 1741991826614,
  "test/integration/pages/EntradaObjectPage.js": 1741991826614,
  "test/integration/opaTests.qunit.js": 1741991826614,
  "test/integration/FirstJourney.js": 1741991826614,
  "test/testsuite.qunit.js": 1741991826614,
  "xs-app.json": 1743779544882,
  "manifest.json": 1742570713238,
  "Component.js": 1741991826614,
  "test/integration/FirstJourney-dbg.js": 1741991826614,
  "test/integration/FirstJourney.js.map": 1743779555273,
  "test/integration/pages/EntradaObjectPage-dbg.js": 1741991826614,
  "test/integration/pages/EntradaObjectPage.js.map": 1743779555271,
  "test/integration/opaTests.qunit-dbg.js": 1741991826614,
  "test/integration/opaTests.qunit.js.map": 1743779555284,
  "test/integration/pages/EntradaList-dbg.js": 1741991826614,
  "test/integration/pages/EntradaList.js.map": 1743779555273,
  "test/testsuite.qunit-dbg.js": 1741991826614,
  "test/testsuite.qunit.js.map": 1743779555276,
  "Component-dbg.js": 1741991826614,
  "Component.js.map": 1743779555275,
  "Component-preload.js": 1743779555520,
  "Component-preload.js.map": 1743779555520,
  "test/integration/opaTests.qunit.html": 1741991826614,
  "test/testsuite.qunit.html": 1741991826614,
  "test/flpSandbox.html": 1741991826614,
  "index.html": 1741991826614
}