{
  "test/integration/FirstJourney.js.map": 1747755582768,
  "manifest.json": 1742417382066,
  "test/integration/pages/EntradaList.js": 1742243446733,
  "test/integration/opaTests.qunit.js": 1742243446733,
  "test/integration/FirstJourney.js": 1742243446733,
  "test/testsuite.qunit.js": 1742243446733,
  "xs-app.json": 1747755527710,
  "test/integration/pages/EntradaObjectPage.js": 1742243446733,
  "Component.js": 1742243446733,
  "test/testsuite.qunit-dbg.js": 1742243446733,
  "test/testsuite.qunit.js.map": 1747755582770,
  "test/integration/opaTests.qunit-dbg.js": 1742243446733,
  "test/integration/opaTests.qunit.js.map": 1747755582737,
  "test/integration/FirstJourney-dbg.js": 1742243446733,
  "i18n/i18n.properties": 1742243446733,
  "test/integration/pages/EntradaList-dbg.js": 1742243446733,
  "test/integration/pages/EntradaList.js.map": 1747755582758,
  "test/integration/pages/EntradaObjectPage-dbg.js": 1742243446733,
  "test/integration/pages/EntradaObjectPage.js.map": 1747755582745,
  "Component-dbg.js": 1742243446733,
  "Component.js.map": 1747755582752,
  "Component-preload.js": 1747755582932,
  "Component-preload.js.map": 1747755582932,
  "test/integration/opaTests.qunit.html": 1742243446733,
  "test/testsuite.qunit.html": 1742243446733,
  "test/flpSandbox.html": 1742243446733,
  "index.html": 1742243446733
}