{
  "test/integration/opaTests.qunit.html": 1741991826614,
  "Component.js": 1741991826614,
  "test/integration/pages/EntradaList.js": 1741991826614,
  "test/integration/opaTests.qunit.js": 1741991826614,
  "test/integration/FirstJourney.js": 1741991826614,
  "test/testsuite.qunit.js": 1741991826614,
  "xs-app.json": 1742588573390,
  "manifest.json": 1742570713238,
  "test/integration/pages/EntradaObjectPage.js": 1741991826614,
  "test/integration/pages/EntradaList-dbg.js": 1741991826614,
  "test/integration/pages/EntradaList.js.map": 1742588580882,
  "Component-dbg.js": 1741991826614,
  "Component.js.map": 1742588580881,
  "test/integration/opaTests.qunit-dbg.js": 1741991826614,
  "test/integration/opaTests.qunit.js.map": 1742588580879,
  "test/integration/FirstJourney-dbg.js": 1741991826614,
  "test/integration/FirstJourney.js.map": 1742588580885,
  "test/testsuite.qunit-dbg.js": 1741991826614,
  "test/testsuite.qunit.js.map": 1742588580882,
  "test/integration/pages/EntradaObjectPage-dbg.js": 1741991826614,
  "test/integration/pages/EntradaObjectPage.js.map": 1742588580884,
  "Component-preload.js": 1742588581100,
  "Component-preload.js.map": 1742588581100,
  "i18n/i18n.properties": 1741991826614,
  "test/testsuite.qunit.html": 1741991826614,
  "test/flpSandbox.html": 1741991826614,
  "index.html": 1741991826614
}