{
  "Component-preload.js": 1746722719662,
  "test/integration/opaTests.qunit.js": 1741991826614,
  "test/integration/pages/EntradaList.js": 1741991826614,
  "test/integration/pages/EntradaObjectPage.js": 1741991826614,
  "test/integration/FirstJourney.js": 1741991826614,
  "test/testsuite.qunit.js": 1741991826614,
  "xs-app.json": 1746722665531,
  "manifest.json": 1742570713238,
  "Component.js": 1741991826614,
  "test/testsuite.qunit-dbg.js": 1741991826614,
  "test/testsuite.qunit.js.map": 1746722719434,
  "test/integration/pages/EntradaList-dbg.js": 1741991826614,
  "test/integration/pages/EntradaList.js.map": 1746722719434,
  "test/integration/pages/EntradaObjectPage-dbg.js": 1741991826614,
  "test/integration/pages/EntradaObjectPage.js.map": 1746722719439,
  "test/integration/FirstJourney-dbg.js": 1741991826614,
  "test/integration/FirstJourney.js.map": 1746722719442,
  "test/integration/opaTests.qunit-dbg.js": 1741991826614,
  "test/integration/opaTests.qunit.js.map": 1746722719439,
  "Component-dbg.js": 1741991826614,
  "Component.js.map": 1746722719436,
  "i18n/i18n.properties": 1741991826614,
  "Component-preload.js.map": 1746722719662,
  "test/integration/opaTests.qunit.html": 1741991826614,
  "test/testsuite.qunit.html": 1741991826614,
  "test/flpSandbox.html": 1741991826614,
  "index.html": 1741991826614
}