{
  "test/integration/FirstJourney-dbg.js": 1742243446733,
  "xs-app.json": 1742420106614,
  "test/integration/pages/EntradaList.js": 1742243446733,
  "test/integration/opaTests.qunit.js": 1742243446733,
  "test/integration/FirstJourney.js": 1742243446733,
  "test/testsuite.qunit.js": 1742243446733,
  "test/integration/pages/EntradaObjectPage.js": 1742243446733,
  "manifest.json": 1742417382066,
  "Component.js": 1742243446733,
  "i18n/i18n.properties": 1742243446733,
  "test/integration/FirstJourney.js.map": 1742420115311,
  "test/integration/opaTests.qunit-dbg.js": 1742243446733,
  "test/integration/opaTests.qunit.js.map": 1742420115312,
  "test/integration/pages/EntradaList-dbg.js": 1742243446733,
  "test/integration/pages/EntradaList.js.map": 1742420115312,
  "test/testsuite.qunit-dbg.js": 1742243446733,
  "test/testsuite.qunit.js.map": 1742420115323,
  "test/integration/pages/EntradaObjectPage-dbg.js": 1742243446733,
  "test/integration/pages/EntradaObjectPage.js.map": 1742420115312,
  "Component-dbg.js": 1742243446733,
  "Component.js.map": 1742420115313,
  "Component-preload.js": 1742420115407,
  "Component-preload.js.map": 1742420115407,
  "test/integration/opaTests.qunit.html": 1742243446733,
  "test/testsuite.qunit.html": 1742243446733,
  "test/flpSandbox.html": 1742243446733,
  "index.html": 1742243446733
}