{
  "test/integration/FirstJourney-dbg.js": 1746239479763,
  "Component.js": 1746239479571,
  "test/integration/opaTests.qunit.js": 1746239479735,
  "test/integration/FirstJourney.js": 1746239479763,
  "ext/main/Main.controller.js": 1746404959995,
  "ext/view/Facturas.controller.js": 1746239821941,
  "test/testsuite.qunit.js": 1746239479715,
  "xs-app.json": 1747755527710,
  "manifest.json": 1746542979849,
  "test/integration/pages/DetalleFacturaMain.js": 1746239479763,
  "Component-dbg.js": 1746239479571,
  "Component.js.map": 1747755543725,
  "test/integration/opaTests.qunit-dbg.js": 1746239479735,
  "test/integration/opaTests.qunit.js.map": 1747755543726,
  "i18n/i18n.properties": 1746239689888,
  "test/integration/FirstJourney.js.map": 1747755543732,
  "ext/main/Main-dbg.controller.js": 1746404959995,
  "ext/main/Main.controller.js.map": 1747755543731,
  "ext/view/Facturas-dbg.controller.js": 1746239821941,
  "ext/view/Facturas.controller.js.map": 1747755543795,
  "test/testsuite.qunit-dbg.js": 1746239479715,
  "test/testsuite.qunit.js.map": 1747755543731,
  "test/integration/pages/DetalleFacturaMain-dbg.js": 1746239479763,
  "test/integration/pages/DetalleFacturaMain.js.map": 1747755543733,
  "Component-preload.js": 1747755543910,
  "Component-preload.js.map": 1747755543910,
  "test/integration/opaTests.qunit.html": 1746239479735,
  "ext/view/Facturas.view.xml": 1746239810805,
  "ext/main/Main.view.xml": 1746239749573,
  "test/testsuite.qunit.html": 1746239479707,
  "test/flpSandbox.html": 1746239479667,
  "css/style.css": 1746239841349,
  "index.html": 1746239479571
}