{
  "ext/view/Facturas-dbg.controller.js": 1746457934716,
  "ext/main/Main.controller.js": 1746457934716,
  "test/integration/opaTests.qunit.js": 1746457934720,
  "test/integration/FirstJourney.js": 1746457934720,
  "ext/view/Facturas.controller.js": 1746457934716,
  "test/integration/pages/DetalleFacturaMain.js": 1746457934720,
  "test/testsuite.qunit.js": 1746457934720,
  "xs-app.json": 1746722665531,
  "manifest.json": 1746475426928,
  "Component.js": 1746457934716,
  "test/integration/pages/DetalleFacturaMain-dbg.js": 1746457934720,
  "test/integration/pages/DetalleFacturaMain.js.map": 1746722682812,
  "test/integration/opaTests.qunit-dbg.js": 1746457934720,
  "test/integration/opaTests.qunit.js.map": 1746722682814,
  "test/integration/FirstJourney-dbg.js": 1746457934720,
  "test/integration/FirstJourney.js.map": 1746722682818,
  "i18n/i18n.properties": 1746457934716,
  "ext/view/Facturas.controller.js.map": 1746722682882,
  "ext/main/Main-dbg.controller.js": 1746457934716,
  "ext/main/Main.controller.js.map": 1746722682820,
  "test/testsuite.qunit-dbg.js": 1746457934720,
  "test/testsuite.qunit.js.map": 1746722682818,
  "Component-dbg.js": 1746457934716,
  "Component.js.map": 1746722682819,
  "Component-preload.js": 1746722683096,
  "Component-preload.js.map": 1746722683096,
  "test/integration/opaTests.qunit.html": 1746457934720,
  "ext/view/Facturas.view.xml": 1746457934716,
  "ext/main/Main.view.xml": 1746457934716,
  "test/testsuite.qunit.html": 1746457934720,
  "test/flpSandbox.html": 1746457934720,
  "css/style.css": 1746457934716,
  "index.html": 1746457934720
}