{
  "test/testsuite.qunit.js.map": 1747755549383,
  "test/integration/FirstJourney.js": 1746236457612,
  "test/integration/opaTests.qunit.js": 1746236457604,
  "test/integration/pages/DetalleFacturaMain.js": 1746236457612,
  "ext/view/Facturas.controller.js": 1746237851131,
  "ext/main/Main.controller.js": 1746404986887,
  "test/testsuite.qunit.js": 1746236457592,
  "xs-app.json": 1747755527710,
  "manifest.json": 1746542979845,
  "Component.js": 1746236457556,
  "test/integration/FirstJourney-dbg.js": 1746236457612,
  "test/integration/FirstJourney.js.map": 1747755549386,
  "test/integration/opaTests.qunit-dbg.js": 1746236457604,
  "test/integration/opaTests.qunit.js.map": 1747755549384,
  "test/integration/pages/DetalleFacturaMain-dbg.js": 1746236457612,
  "test/integration/pages/DetalleFacturaMain.js.map": 1747755549329,
  "ext/view/Facturas-dbg.controller.js": 1746237851131,
  "ext/view/Facturas.controller.js.map": 1747755549396,
  "ext/main/Main-dbg.controller.js": 1746404986887,
  "ext/main/Main.controller.js.map": 1747755549338,
  "test/testsuite.qunit-dbg.js": 1746236457592,
  "i18n/i18n.properties": 1746236556508,
  "Component-dbg.js": 1746236457556,
  "Component.js.map": 1747755549385,
  "Component-preload.js": 1747755549518,
  "Component-preload.js.map": 1747755549518,
  "test/integration/opaTests.qunit.html": 1746236457604,
  "ext/view/Facturas.view.xml": 1746237910831,
  "ext/main/Main.view.xml": 1746237161615,
  "test/testsuite.qunit.html": 1746236457588,
  "test/flpSandbox.html": 1746236457580,
  "css/style.css": 1746237885143,
  "index.html": 1746236457556
}