{
  "Component-dbg.js": 1746457934720,
  "xs-app.json": 1746477369819,
  "test/integration/opaTests.qunit.js": 1746457934720,
  "test/integration/FirstJourney.js": 1746457934720,
  "ext/main/Main.controller.js": 1746457934720,
  "test/testsuite.qunit.js": 1746457934720,
  "test/integration/pages/FacturasMain.js": 1746457934720,
  "manifest.json": 1746475426928,
  "Component.js": 1746457934720,
  "i18n/i18n.properties": 1746457934720,
  "Component.js.map": 1746478346566,
  "test/integration/FirstJourney-dbg.js": 1746457934720,
  "test/integration/FirstJourney.js.map": 1746478346565,
  "ext/main/Main-dbg.controller.js": 1746457934720,
  "ext/main/Main.controller.js.map": 1746478346565,
  "test/testsuite.qunit-dbg.js": 1746457934720,
  "test/testsuite.qunit.js.map": 1746478346560,
  "test/integration/pages/FacturasMain-dbg.js": 1746457934720,
  "test/integration/pages/FacturasMain.js.map": 1746478346609,
  "test/integration/opaTests.qunit-dbg.js": 1746457934720,
  "test/integration/opaTests.qunit.js.map": 1746478346567,
  "Component-preload.js": 1746478346721,
  "Component-preload.js.map": 1746478346721,
  "test/integration/opaTests.qunit.html": 1746457934720,
  "ext/main/Main.view.xml": 1746457934720,
  "test/testsuite.qunit.html": 1746457934720,
  "test/flpSandbox.html": 1746457934720,
  "index.html": 1746457934720
}