{
  "test/integration/FirstJourney-dbg.js": 1746457934720,
  "xs-app.json": 1746722665531,
  "test/integration/opaTests.qunit.js": 1746457934720,
  "test/integration/FirstJourney.js": 1746457934720,
  "ext/main/Main.controller.js": 1746457934720,
  "test/testsuite.qunit.js": 1746457934720,
  "test/integration/pages/FacturasMain.js": 1746457934720,
  "manifest.json": 1746475426928,
  "Component.js": 1746457934720,
  "test/integration/pages/FacturasMain-dbg.js": 1746457934720,
  "test/integration/pages/FacturasMain.js.map": 1746722694789,
  "i18n/i18n.properties": 1746457934720,
  "test/integration/FirstJourney.js.map": 1746722694791,
  "ext/main/Main-dbg.controller.js": 1746457934720,
  "ext/main/Main.controller.js.map": 1746722694800,
  "test/testsuite.qunit-dbg.js": 1746457934720,
  "test/testsuite.qunit.js.map": 1746722694790,
  "test/integration/opaTests.qunit-dbg.js": 1746457934720,
  "test/integration/opaTests.qunit.js.map": 1746722694791,
  "Component-dbg.js": 1746457934720,
  "Component.js.map": 1746722694793,
  "Component-preload.js": 1746722695122,
  "Component-preload.js.map": 1746722695122,
  "test/integration/opaTests.qunit.html": 1746457934720,
  "ext/main/Main.view.xml": 1746457934720,
  "test/testsuite.qunit.html": 1746457934720,
  "test/flpSandbox.html": 1746457934720,
  "index.html": 1746457934720
}