{
  "test/integration/pages/FacturasMain.js.map": 1747755554281,
  "ext/main/Main.controller.js": 1746403954675,
  "test/integration/opaTests.qunit.js": 1746070832101,
  "test/integration/FirstJourney.js": 1746070832117,
  "test/integration/pages/FacturasMain.js": 1746070832117,
  "test/testsuite.qunit.js": 1746070832089,
  "xs-app.json": 1747755527710,
  "manifest.json": 1746542979845,
  "Component.js": 1746070832021,
  "Component-dbg.js": 1746070832021,
  "Component.js.map": 1747755554235,
  "test/integration/opaTests.qunit-dbg.js": 1746070832101,
  "test/integration/opaTests.qunit.js.map": 1747755554278,
  "test/integration/FirstJourney-dbg.js": 1746070832117,
  "test/integration/FirstJourney.js.map": 1747755554279,
  "test/integration/pages/FacturasMain-dbg.js": 1746070832117,
  "i18n/i18n.properties": 1746070882505,
  "test/testsuite.qunit-dbg.js": 1746070832089,
  "test/testsuite.qunit.js.map": 1747755554278,
  "ext/main/Main-dbg.controller.js": 1746403954675,
  "ext/main/Main.controller.js.map": 1747755554285,
  "Component-preload.js": 1747755554392,
  "Component-preload.js.map": 1747755554392,
  "test/integration/opaTests.qunit.html": 1746070832101,
  "test/testsuite.qunit.html": 1746070832089,
  "test/flpSandbox.html": 1746070832069,
  "ext/main/Main.view.xml": 1746403453121,
  "index.html": 1746070832021
}