{
  "Component-preload.js": 1746069555470,
  "ext/view/Informaciongeneral.controller.js": 1746069503028,
  "test/integration/opaTests.qunit.js": 1743624858520,
  "test/integration/FirstJourney.js": 1743624858584,
  "test/integration/pages/DetalleFacturaMain.js": 1743624858584,
  "ext/main/Main.controller.js": 1746069526592,
  "test/testsuite.qunit.js": 1743624858492,
  "xs-app.json": 1746069542168,
  "manifest.json": 1745979508663,
  "Component.js": 1743624858320,
  "test/integration/pages/DetalleFacturaMain-dbg.js": 1743624858584,
  "test/integration/pages/DetalleFacturaMain.js.map": 1746069555342,
  "test/integration/opaTests.qunit-dbg.js": 1743624858520,
  "test/integration/opaTests.qunit.js.map": 1746069555350,
  "test/integration/FirstJourney-dbg.js": 1743624858584,
  "test/integration/FirstJourney.js.map": 1746069555337,
  "ext/view/Informaciongeneral-dbg.controller.js": 1746069503028,
  "ext/view/Informaciongeneral.controller.js.map": 1746069555363,
  "ext/main/Main-dbg.controller.js": 1746069526592,
  "ext/main/Main.controller.js.map": 1746069555362,
  "test/testsuite.qunit-dbg.js": 1743624858492,
  "test/testsuite.qunit.js.map": 1746069555347,
  "Component-dbg.js": 1743624858320,
  "Component.js.map": 1746069555349,
  "i18n/i18n.properties": 1743791386835,
  "Component-preload.js.map": 1746069555470,
  "test/integration/opaTests.qunit.html": 1743624858516,
  "ext/view/Informaciongeneral.view.xml": 1745966451343,
  "ext/main/Main.view.xml": 1745894246010,
  "pdfPrueba/factura123.pdf": 1744663039748,
  "test/testsuite.qunit.html": 1743624858456,
  "test/flpSandbox.html": 1743624858416,
  "css/style.css": 1745963341910,
  "index.html": 1743624858320
}