{
  "test/testsuite.qunit.js": 1743624858492,
  "test/integration/FirstJourney.js": 1743624858584,
  "test/integration/opaTests.qunit.js": 1743624858520,
  "test/integration/pages/DetalleFacturaMain.js": 1743624858584,
  "ext/view/Informaciongeneral.controller.js": 1746541432374,
  "ext/main/Main.controller.js": 1746814766738,
  "i18n/i18n.properties": 1743791386835,
  "xs-app.json": 1746817033397,
  "manifest.json": 1745979508663,
  "Component.js": 1743624858320,
  "ext/view/Informaciongeneral-dbg.controller.js": 1746541432374,
  "ext/view/Informaciongeneral.controller.js.map": 1746817193023,
  "test/integration/opaTests.qunit-dbg.js": 1743624858520,
  "test/integration/opaTests.qunit.js.map": 1746817192999,
  "test/integration/pages/DetalleFacturaMain-dbg.js": 1743624858584,
  "test/integration/pages/DetalleFacturaMain.js.map": 1746817192993,
  "test/integration/FirstJourney-dbg.js": 1743624858584,
  "test/integration/FirstJourney.js.map": 1746817193001,
  "ext/main/Main-dbg.controller.js": 1746814766738,
  "ext/main/Main.controller.js.map": 1746817193038,
  "test/testsuite.qunit-dbg.js": 1743624858492,
  "test/testsuite.qunit.js.map": 1746817193002,
  "Component-dbg.js": 1743624858320,
  "Component.js.map": 1746817193001,
  "Component-preload.js": 1746817193287,
  "Component-preload.js.map": 1746817193287,
  "test/integration/opaTests.qunit.html": 1743624858516,
  "ext/view/Informaciongeneral.view.xml": 1745966451343,
  "ext/main/Main.view.xml": 1746813274354,
  "test/testsuite.qunit.html": 1743624858456,
  "test/flpSandbox.html": 1743624858416,
  "pdfPrueba/prueba1.png": 1746541432378,
  "pdfPrueba/images.jpg": 1746541432378,
  "pdfPrueba/factura123.pdf": 1744663039748,
  "css/style.css": 1745963341910,
  "index.html": 1743624858320
}