{
  "test/testsuite.qunit.js": 1744134181474,
  "test/integration/FirstJourney.js": 1744134181470,
  "test/integration/opaTests.qunit.js": 1744134181474,
  "test/integration/pages/DetalleFacturaMain.js": 1744134181474,
  "ext/main/Main.controller.js": 1746457934732,
  "ext/view/Informaciongeneral.controller.js": 1746457934732,
  "i18n/i18n.properties": 1744134181470,
  "xs-app.json": 1746477369819,
  "manifest.json": 1746457934736,
  "Component.js": 1744134181466,
  "test/testsuite.qunit-dbg.js": 1744134181474,
  "test/testsuite.qunit.js.map": 1746478361682,
  "test/integration/opaTests.qunit-dbg.js": 1744134181474,
  "test/integration/opaTests.qunit.js.map": 1746478361682,
  "test/integration/pages/DetalleFacturaMain-dbg.js": 1744134181474,
  "test/integration/pages/DetalleFacturaMain.js.map": 1746478361682,
  "ext/main/Main-dbg.controller.js": 1746457934732,
  "ext/main/Main.controller.js.map": 1746478361744,
  "ext/view/Informaciongeneral-dbg.controller.js": 1746457934732,
  "ext/view/Informaciongeneral.controller.js.map": 1746478361726,
  "test/integration/FirstJourney-dbg.js": 1744134181470,
  "test/integration/FirstJourney.js.map": 1746478361713,
  "Component-dbg.js": 1744134181466,
  "Component.js.map": 1746478361710,
  "Component-preload.js": 1746478361860,
  "Component-preload.js.map": 1746478361860,
  "test/integration/opaTests.qunit.html": 1744134181474,
  "ext/main/Main.view.xml": 1746457934732,
  "ext/view/Informaciongeneral.view.xml": 1746457934732,
  "test/testsuite.qunit.html": 1744134181474,
  "test/flpSandbox.html": 1744134181470,
  "pdfPrueba/prueba1.png": 1744752627054,
  "pdfPrueba/images.jpg": 1744751792274,
  "pdfPrueba/factura123.pdf": 1744346259088,
  "css/style.css": 1746457934732,
  "index.html": 1744134181470
}