{
  "ext/view/Informaciongeneral-dbg.controller.js": 1745871513773,
  "Component.js": 1744134181466,
  "test/integration/opaTests.qunit.js": 1744134181474,
  "test/integration/FirstJourney.js": 1744134181470,
  "ext/main/Main.controller.js": 1745869670614,
  "ext/view/Informaciongeneral.controller.js": 1745871513773,
  "test/testsuite.qunit.js": 1744134181474,
  "xs-app.json": 1745873422611,
  "manifest.json": 1745873422675,
  "test/integration/pages/DetalleFacturaMain.js": 1744134181474,
  "test/testsuite.qunit-dbg.js": 1744134181474,
  "test/testsuite.qunit.js.map": 1745942283067,
  "test/integration/opaTests.qunit-dbg.js": 1744134181474,
  "test/integration/opaTests.qunit.js.map": 1745942283065,
  "test/integration/FirstJourney-dbg.js": 1744134181470,
  "test/integration/FirstJourney.js.map": 1745942283066,
  "ext/main/Main-dbg.controller.js": 1745869670614,
  "ext/main/Main.controller.js.map": 1745942283139,
  "i18n/i18n.properties": 1744134181470,
  "ext/view/Informaciongeneral.controller.js.map": 1745942283122,
  "Component-dbg.js": 1744134181466,
  "Component.js.map": 1745942283069,
  "test/integration/pages/DetalleFacturaMain-dbg.js": 1744134181474,
  "test/integration/pages/DetalleFacturaMain.js.map": 1745942283072,
  "Component-preload.js": 1745942283245,
  "Component-preload.js.map": 1745942283245,
  "test/integration/opaTests.qunit.html": 1744134181474,
  "ext/view/Informaciongeneral.view.xml": 1745869859854,
  "ext/main/Main.view.xml": 1745869720850,
  "pdfPrueba/prueba1.png": 1744752627054,
  "pdfPrueba/images.jpg": 1744751792274,
  "pdfPrueba/factura123.pdf": 1744346259088,
  "test/testsuite.qunit.html": 1744134181474,
  "test/flpSandbox.html": 1744134181470,
  "css/style.css": 1745869670614,
  "index.html": 1744134181470
}