{
  "ext/view/fragments/FragmentInsertEntrada.fragment.xml": 1747501851631,
  "ext/view/Informaciongeneral.controller.js": 1747696877852,
  "test/integration/opaTests.qunit.js": 1743624858520,
  "test/integration/FirstJourney.js": 1743624858584,
  "test/integration/pages/DetalleFacturaMain.js": 1743624858584,
  "ext/main/Main.controller.js": 1747692604717,
  "test/testsuite.qunit.js": 1743624858492,
  "xs-app.json": 1747755527710,
  "manifest.json": 1747339759251,
  "Component.js": 1743624858320,
  "test/integration/FirstJourney-dbg.js": 1743624858584,
  "test/integration/FirstJourney.js.map": 1747755575040,
  "test/integration/opaTests.qunit-dbg.js": 1743624858520,
  "test/integration/opaTests.qunit.js.map": 1747755575052,
  "ext/view/Informaciongeneral-dbg.controller.js": 1747696877852,
  "ext/view/Informaciongeneral.controller.js.map": 1747755575131,
  "test/integration/pages/DetalleFacturaMain-dbg.js": 1743624858584,
  "test/integration/pages/DetalleFacturaMain.js.map": 1747755575001,
  "ext/main/Main-dbg.controller.js": 1747692604717,
  "ext/main/Main.controller.js.map": 1747755575106,
  "test/testsuite.qunit-dbg.js": 1743624858492,
  "test/testsuite.qunit.js.map": 1747755575045,
  "Component-dbg.js": 1743624858320,
  "Component.js.map": 1747755575048,
  "Component-preload.js": 1747755575326,
  "Component-preload.js.map": 1747755575326,
  "ext/view/fragments/FragmentInsertOrdenCompra.fragment.xml": 1747328855588,
  "i18n/i18n.properties": 1743791386835,
  "ext/view/fragments/DialogoAdjunto.fragment.xml": 1747696676764,
  "test/integration/opaTests.qunit.html": 1743624858516,
  "ext/view/Informaciongeneral.view.xml": 1747694374242,
  "ext/main/Main.view.xml": 1746813274354,
  "test/testsuite.qunit.html": 1743624858456,
  "test/flpSandbox.html": 1743624858416,
  "pdfPrueba/prueba1.png": 1746541432378,
  "pdfPrueba/images.jpg": 1746541432378,
  "pdfPrueba/factura123.pdf": 1744663039748,
  "css/style.css": 1747175109077,
  "index.html": 1743624858320
}