{
  "test/testsuite.qunit.html": 1744056247366,
  "ext/main/Main.controller.js": 1744056247366,
  "test/integration/opaTests.qunit.js": 1744056247374,
  "test/integration/FirstJourney.js": 1744056247406,
  "ext/view/Detalles.controller.js": 1744119888556,
  "test/integration/pages/DetalleOrdenCompraMain.js": 1744056247406,
  "test/testsuite.qunit.js": 1744056247370,
  "xs-app.json": 1746817033397,
  "manifest.json": 1745979508663,
  "Component.js": 1744056247298,
  "test/integration/FirstJourney-dbg.js": 1744056247406,
  "test/integration/FirstJourney.js.map": 1746817187227,
  "test/integration/opaTests.qunit-dbg.js": 1744056247374,
  "test/integration/opaTests.qunit.js.map": 1746817187228,
  "ext/main/Main-dbg.controller.js": 1744056247366,
  "ext/main/Main.controller.js.map": 1746817187228,
  "ext/view/Detalles-dbg.controller.js": 1744119888556,
  "ext/view/Detalles.controller.js.map": 1746817187224,
  "test/integration/pages/DetalleOrdenCompraMain-dbg.js": 1744056247406,
  "test/integration/pages/DetalleOrdenCompraMain.js.map": 1746817187228,
  "test/testsuite.qunit-dbg.js": 1744056247370,
  "test/testsuite.qunit.js.map": 1746817187232,
  "Component-dbg.js": 1744056247298,
  "Component.js.map": 1746817187230,
  "Component-preload.js": 1746817187562,
  "Component-preload.js.map": 1746817187562,
  "test/integration/opaTests.qunit.html": 1744056247370,
  "ext/view/Detalles.view.xml": 1746541432374,
  "ext/main/Main.view.xml": 1744056308494,
  "i18n/i18n.properties": 1744056406086,
  "test/flpSandbox.html": 1744056247342,
  "index.html": 1744056247298
}