{
  "test/integration/opaTests.qunit.html": 1744134181466,
  "test/integration/FirstJourney.js": 1744134181466,
  "test/integration/opaTests.qunit.js": 1744134181466,
  "test/integration/pages/DetalleOrdenCompraMain.js": 1744134181466,
  "ext/view/Detalles.controller.js": 1744134181466,
  "ext/main/Main.controller.js": 1744134181466,
  "test/testsuite.qunit.js": 1744134181466,
  "xs-app.json": 1746477369819,
  "manifest.json": 1745873422675,
  "Component.js": 1744134181466,
  "test/testsuite.qunit-dbg.js": 1744134181466,
  "test/testsuite.qunit.js.map": 1746478357117,
  "test/integration/opaTests.qunit-dbg.js": 1744134181466,
  "test/integration/opaTests.qunit.js.map": 1746478357071,
  "test/integration/pages/DetalleOrdenCompraMain-dbg.js": 1744134181466,
  "test/integration/pages/DetalleOrdenCompraMain.js.map": 1746478357065,
  "ext/view/Detalles-dbg.controller.js": 1744134181466,
  "ext/view/Detalles.controller.js.map": 1746478357058,
  "ext/main/Main-dbg.controller.js": 1744134181466,
  "ext/main/Main.controller.js.map": 1746478357060,
  "test/integration/FirstJourney-dbg.js": 1744134181466,
  "test/integration/FirstJourney.js.map": 1746478357065,
  "Component-dbg.js": 1744134181466,
  "Component.js.map": 1746478357109,
  "Component-preload.js": 1746478357214,
  "Component-preload.js.map": 1746478357214,
  "ext/view/Detalles.view.xml": 1744751116541,
  "i18n/i18n.properties": 1744134181466,
  "ext/main/Main.view.xml": 1744134181466,
  "test/testsuite.qunit.html": 1744134181466,
  "test/flpSandbox.html": 1744134181466,
  "index.html": 1744134181466
}