{
  "test/integration/pages/DetalleOrdenCompraMain.js": 1744056247406,
  "manifest.json": 1745979508663,
  "test/integration/opaTests.qunit.js": 1744056247374,
  "test/integration/FirstJourney.js": 1744056247406,
  "ext/view/Detalles.controller.js": 1744119888556,
  "ext/main/Main.controller.js": 1744056247366,
  "test/testsuite.qunit.js": 1744056247370,
  "xs-app.json": 1746069542168,
  "i18n/i18n.properties": 1744056406086,
  "Component.js": 1744056247298,
  "Component-dbg.js": 1744056247298,
  "Component.js.map": 1746069549924,
  "test/integration/FirstJourney-dbg.js": 1744056247406,
  "test/integration/FirstJourney.js.map": 1746069549951,
  "ext/view/Detalles-dbg.controller.js": 1744119888556,
  "ext/view/Detalles.controller.js.map": 1746069549940,
  "ext/main/Main-dbg.controller.js": 1744056247366,
  "ext/main/Main.controller.js.map": 1746069549943,
  "test/testsuite.qunit-dbg.js": 1744056247370,
  "test/testsuite.qunit.js.map": 1746069549928,
  "test/integration/pages/DetalleOrdenCompraMain-dbg.js": 1744056247406,
  "test/integration/pages/DetalleOrdenCompraMain.js.map": 1746069549932,
  "test/integration/opaTests.qunit-dbg.js": 1744056247374,
  "test/integration/opaTests.qunit.js.map": 1746069549935,
  "Component-preload.js": 1746069550066,
  "Component-preload.js.map": 1746069550066,
  "test/integration/opaTests.qunit.html": 1744056247370,
  "ext/view/Detalles.view.xml": 1744120992455,
  "ext/main/Main.view.xml": 1744056308494,
  "test/testsuite.qunit.html": 1744056247366,
  "test/flpSandbox.html": 1744056247342,
  "index.html": 1744056247298
}