{
  "Component-preload.js": 1746722706974,
  "test/integration/opaTests.qunit.js": 1744134181466,
  "test/integration/pages/DetalleOrdenCompraMain.js": 1744134181466,
  "test/integration/FirstJourney.js": 1744134181466,
  "ext/view/Detalles.controller.js": 1744134181466,
  "ext/main/Main.controller.js": 1744134181466,
  "test/testsuite.qunit.js": 1744134181466,
  "xs-app.json": 1746722665531,
  "manifest.json": 1745873422675,
  "Component.js": 1744134181466,
  "Component-dbg.js": 1744134181466,
  "Component.js.map": 1746722706775,
  "test/integration/pages/DetalleOrdenCompraMain-dbg.js": 1744134181466,
  "test/integration/pages/DetalleOrdenCompraMain.js.map": 1746722706722,
  "test/integration/FirstJourney-dbg.js": 1744134181466,
  "test/integration/FirstJourney.js.map": 1746722706721,
  "ext/view/Detalles-dbg.controller.js": 1744134181466,
  "ext/view/Detalles.controller.js.map": 1746722706722,
  "ext/main/Main-dbg.controller.js": 1744134181466,
  "ext/main/Main.controller.js.map": 1746722706775,
  "test/testsuite.qunit-dbg.js": 1744134181466,
  "test/testsuite.qunit.js.map": 1746722706779,
  "test/integration/opaTests.qunit-dbg.js": 1744134181466,
  "test/integration/opaTests.qunit.js.map": 1746722706775,
  "i18n/i18n.properties": 1744134181466,
  "Component-preload.js.map": 1746722706974,
  "test/integration/opaTests.qunit.html": 1744134181466,
  "ext/main/Main.view.xml": 1744134181466,
  "ext/view/Detalles.view.xml": 1744751116541,
  "test/testsuite.qunit.html": 1744134181466,
  "test/flpSandbox.html": 1744134181466,
  "index.html": 1744134181466
}