{
  "test/integration/FirstJourney.js": 1744134181466,
  "i18n/i18n.properties": 1744134181466,
  "test/integration/opaTests.qunit.js": 1744134181466,
  "test/integration/pages/DetalleOrdenCompraMain.js": 1744134181466,
  "ext/view/Detalles.controller.js": 1744134181466,
  "ext/main/Main.controller.js": 1744134181466,
  "test/testsuite.qunit.js": 1744134181466,
  "xs-app.json": 1745873422611,
  "manifest.json": 1745873422675,
  "Component.js": 1744134181466,
  "ext/view/Detalles-dbg.controller.js": 1744134181466,
  "ext/view/Detalles.controller.js.map": 1745942277328,
  "test/integration/opaTests.qunit-dbg.js": 1744134181466,
  "test/integration/opaTests.qunit.js.map": 1745942277337,
  "test/integration/pages/DetalleOrdenCompraMain-dbg.js": 1744134181466,
  "test/integration/pages/DetalleOrdenCompraMain.js.map": 1745942277324,
  "test/integration/FirstJourney-dbg.js": 1744134181466,
  "test/integration/FirstJourney.js.map": 1745942277329,
  "ext/main/Main-dbg.controller.js": 1744134181466,
  "ext/main/Main.controller.js.map": 1745942277329,
  "test/testsuite.qunit-dbg.js": 1744134181466,
  "test/testsuite.qunit.js.map": 1745942277333,
  "Component-dbg.js": 1744134181466,
  "Component.js.map": 1745942277332,
  "Component-preload.js": 1745942277454,
  "Component-preload.js.map": 1745942277454,
  "test/integration/opaTests.qunit.html": 1744134181466,
  "ext/view/Detalles.view.xml": 1744751116541,
  "ext/main/Main.view.xml": 1744134181466,
  "test/testsuite.qunit.html": 1744134181466,
  "test/flpSandbox.html": 1744134181466,
  "index.html": 1744134181466
}