{
  "ext/view/DetalleCompra.controller.js.map": 1746069568067,
  "xs-app.json": 1746069542168,
  "test/integration/opaTests.qunit.js": 1743622764529,
  "test/integration/FirstJourney.js": 1743622764609,
  "ext/view/DetalleCompra.controller.js": 1743625110045,
  "ext/main/Main.controller.js": 1743623600909,
  "test/testsuite.qunit.js": 1743622764505,
  "test/integration/pages/FacturasMain.js": 1743622764609,
  "manifest.json": 1745979508663,
  "Component.js": 1743622764353,
  "test/testsuite.qunit-dbg.js": 1743622764505,
  "test/testsuite.qunit.js.map": 1746069568072,
  "test/integration/FirstJourney-dbg.js": 1743622764609,
  "test/integration/FirstJourney.js.map": 1746069568078,
  "ext/view/DetalleCompra-dbg.controller.js": 1743625110045,
  "i18n/i18n.properties": 1743625109737,
  "ext/main/Main-dbg.controller.js": 1743623600909,
  "ext/main/Main.controller.js.map": 1746069568081,
  "test/integration/opaTests.qunit-dbg.js": 1743622764529,
  "test/integration/opaTests.qunit.js.map": 1746069568071,
  "test/integration/pages/FacturasMain-dbg.js": 1743622764609,
  "test/integration/pages/FacturasMain.js.map": 1746069568073,
  "Component-dbg.js": 1743622764353,
  "Component.js.map": 1746069568076,
  "Component-preload.js": 1746069568195,
  "Component-preload.js.map": 1746069568195,
  "test/integration/opaTests.qunit.html": 1743622764529,
  "ext/view/DetalleCompra.view.xml": 1743625247906,
  "ext/main/Main.view.xml": 1743625861625,
  "test/testsuite.qunit.html": 1743622764493,
  "test/flpSandbox.html": 1743622764453,
  "index.html": 1743622764353
}