{
  "Component-dbg.js": 1744134181474,
  "test/integration/opaTests.qunit.js": 1744134181474,
  "test/integration/pages/FacturasMain.js": 1744134181474,
  "test/integration/FirstJourney.js": 1744134181474,
  "ext/main/Main.controller.js": 1744134181474,
  "ext/view/DetalleCompra.controller.js": 1744134181474,
  "test/testsuite.qunit.js": 1744134181474,
  "xs-app.json": 1746722665531,
  "manifest.json": 1745873422675,
  "Component.js": 1744134181474,
  "ext/main/Main-dbg.controller.js": 1744134181474,
  "ext/main/Main.controller.js.map": 1746722725394,
  "test/integration/pages/FacturasMain-dbg.js": 1744134181474,
  "test/integration/pages/FacturasMain.js.map": 1746722725392,
  "test/integration/FirstJourney-dbg.js": 1744134181474,
  "test/integration/FirstJourney.js.map": 1746722725392,
  "test/integration/opaTests.qunit-dbg.js": 1744134181474,
  "test/integration/opaTests.qunit.js.map": 1746722725390,
  "ext/view/DetalleCompra-dbg.controller.js": 1744134181474,
  "ext/view/DetalleCompra.controller.js.map": 1746722725397,
  "test/testsuite.qunit-dbg.js": 1744134181474,
  "test/testsuite.qunit.js.map": 1746722725398,
  "i18n/i18n.properties": 1744134181474,
  "Component.js.map": 1746722725394,
  "Component-preload.js": 1746722725789,
  "Component-preload.js.map": 1746722725789,
  "test/integration/opaTests.qunit.html": 1744134181474,
  "ext/view/DetalleCompra.view.xml": 1744134181474,
  "ext/main/Main.view.xml": 1744134181474,
  "test/testsuite.qunit.html": 1744134181474,
  "test/flpSandbox.html": 1744134181474,
  "index.html": 1744134181474
}