{
  "test/flpSandbox.html": 1744134181474,
  "manifest.json": 1745873422675,
  "test/integration/opaTests.qunit.js": 1744134181474,
  "test/integration/FirstJourney.js": 1744134181474,
  "ext/view/DetalleCompra.controller.js": 1744134181474,
  "ext/main/Main.controller.js": 1744134181474,
  "test/testsuite.qunit.js": 1744134181474,
  "xs-app.json": 1745873422611,
  "test/integration/pages/FacturasMain.js": 1744134181474,
  "Component.js": 1744134181474,
  "test/testsuite.qunit-dbg.js": 1744134181474,
  "test/testsuite.qunit.js.map": 1745942294628,
  "test/integration/FirstJourney-dbg.js": 1744134181474,
  "test/integration/FirstJourney.js.map": 1745942294627,
  "ext/view/DetalleCompra-dbg.controller.js": 1744134181474,
  "ext/view/DetalleCompra.controller.js.map": 1745942294631,
  "ext/main/Main-dbg.controller.js": 1744134181474,
  "ext/main/Main.controller.js.map": 1745942294636,
  "test/integration/opaTests.qunit-dbg.js": 1744134181474,
  "test/integration/opaTests.qunit.js.map": 1745942294631,
  "test/integration/pages/FacturasMain-dbg.js": 1744134181474,
  "test/integration/pages/FacturasMain.js.map": 1745942294632,
  "Component-dbg.js": 1744134181474,
  "Component.js.map": 1745942294634,
  "Component-preload.js": 1745942294722,
  "Component-preload.js.map": 1745942294723,
  "test/integration/opaTests.qunit.html": 1744134181474,
  "ext/main/Main.view.xml": 1744134181474,
  "ext/view/DetalleCompra.view.xml": 1744134181474,
  "test/testsuite.qunit.html": 1744134181474,
  "i18n/i18n.properties": 1744134181474,
  "index.html": 1744134181474
}