{
  "ext/main/Main.controller.js.map": 1746817212303,
  "test/testsuite.qunit.js": 1742329612109,
  "test/integration/opaTests.qunit.js": 1742329612109,
  "test/integration/FirstJourney.js": 1742329612113,
  "ext/main/Main.controller.js": 1743554804434,
  "test/integration/pages/FacturasMain.js": 1742329612113,
  "xs-app.json": 1746817033397,
  "manifest.json": 1742417382066,
  "Component.js": 1742329612089,
  "test/integration/FirstJourney-dbg.js": 1742329612113,
  "test/integration/FirstJourney.js.map": 1746817212296,
  "test/integration/opaTests.qunit-dbg.js": 1742329612109,
  "test/integration/opaTests.qunit.js.map": 1746817212307,
  "test/testsuite.qunit-dbg.js": 1742329612109,
  "test/testsuite.qunit.js.map": 1746817212295,
  "ext/main/Main-dbg.controller.js": 1743554804434,
  "i18n/i18n.properties": 1742329617501,
  "test/integration/pages/FacturasMain-dbg.js": 1742329612113,
  "test/integration/pages/FacturasMain.js.map": 1746817212298,
  "Component-dbg.js": 1742329612089,
  "Component.js.map": 1746817212298,
  "Component-preload.js": 1746817212514,
  "Component-preload.js.map": 1746817212514,
  "test/integration/opaTests.qunit.html": 1742329612109,
  "ext/main/Main.view.xml": 1744125525390,
  "test/testsuite.qunit.html": 1742329612105,
  "test/flpSandbox.html": 1742329612105,
  "index.html": 1742329612089
}