{
  "test/testsuite.qunit.html": 1743092525063,
  "xs-app.json": 1743779544882,
  "test/integration/opaTests.qunit.js": 1743092525063,
  "test/integration/FirstJourney.js": 1743092525063,
  "test/testsuite.qunit.js": 1743092525063,
  "ext/main/Main.controller.js": 1743092525063,
  "test/integration/pages/FacturasMain.js": 1743092525063,
  "manifest.json": 1743092525063,
  "Component.js": 1743092525063,
  "Component-dbg.js": 1743092525063,
  "Component.js.map": 1743779562892,
  "test/integration/FirstJourney-dbg.js": 1743092525063,
  "test/integration/FirstJourney.js.map": 1743779562893,
  "test/testsuite.qunit-dbg.js": 1743092525063,
  "test/testsuite.qunit.js.map": 1743779562891,
  "ext/main/Main-dbg.controller.js": 1743092525063,
  "ext/main/Main.controller.js.map": 1743779562972,
  "test/integration/pages/FacturasMain-dbg.js": 1743092525063,
  "test/integration/pages/FacturasMain.js.map": 1743779562894,
  "test/integration/opaTests.qunit-dbg.js": 1743092525063,
  "test/integration/opaTests.qunit.js.map": 1743779562897,
  "Component-preload.js": 1743779563376,
  "Component-preload.js.map": 1743779563376,
  "test/integration/opaTests.qunit.html": 1743092525063,
  "ext/main/Main.view.xml": 1743092525063,
  "i18n/i18n.properties": 1743092525063,
  "test/flpSandbox.html": 1743092525063,
  "index.html": 1743092525063
}