{
  "test/integration/FirstJourney-dbg.js": 1744134123182,
  "test/testsuite.qunit.js": 1744134123182,
  "test/integration/opaTests.qunit.js": 1744134123182,
  "test/integration/FirstJourney.js": 1744134123182,
  "ext/main/Main.controller.js": 1744134181478,
  "test/integration/pages/FacturasMain.js": 1744134123182,
  "xs-app.json": 1746722665531,
  "manifest.json": 1744134123182,
  "Component.js": 1744134123182,
  "test/integration/opaTests.qunit-dbg.js": 1744134123182,
  "test/integration/opaTests.qunit.js.map": 1746722731475,
  "test/testsuite.qunit-dbg.js": 1744134123182,
  "test/testsuite.qunit.js.map": 1746722731478,
  "i18n/i18n.properties": 1744134123182,
  "test/integration/FirstJourney.js.map": 1746722731482,
  "ext/main/Main-dbg.controller.js": 1744134181478,
  "ext/main/Main.controller.js.map": 1746722731481,
  "test/integration/pages/FacturasMain-dbg.js": 1744134123182,
  "test/integration/pages/FacturasMain.js.map": 1746722731478,
  "Component-dbg.js": 1744134123182,
  "Component.js.map": 1746722731479,
  "Component-preload.js": 1746722731697,
  "Component-preload.js.map": 1746722731697,
  "test/integration/opaTests.qunit.html": 1744134123182,
  "ext/main/Main.view.xml": 1744134181478,
  "test/testsuite.qunit.html": 1744134123182,
  "test/flpSandbox.html": 1744134123182,
  "index.html": 1744134123182
}