{
  "test/integration/FirstJourney.js": 1742329612113,
  "test/integration/pages/FacturasMain.js": 1742329612113,
  "test/integration/opaTests.qunit.js": 1742329612109,
  "i18n/i18n.properties": 1742329617501,
  "ext/main/Main.controller.js": 1743554804434,
  "test/testsuite.qunit.js": 1742329612109,
  "xs-app.json": 1746069542168,
  "manifest.json": 1742417382066,
  "Component.js": 1742329612089,
  "test/integration/pages/FacturasMain-dbg.js": 1742329612113,
  "test/integration/pages/FacturasMain.js.map": 1746069572925,
  "test/integration/opaTests.qunit-dbg.js": 1742329612109,
  "test/integration/opaTests.qunit.js.map": 1746069572935,
  "test/integration/FirstJourney-dbg.js": 1742329612113,
  "test/integration/FirstJourney.js.map": 1746069572926,
  "ext/main/Main-dbg.controller.js": 1743554804434,
  "ext/main/Main.controller.js.map": 1746069572941,
  "test/testsuite.qunit-dbg.js": 1742329612109,
  "test/testsuite.qunit.js.map": 1746069572929,
  "Component-dbg.js": 1742329612089,
  "Component.js.map": 1746069572927,
  "Component-preload.js": 1746069573009,
  "Component-preload.js.map": 1746069573009,
  "test/integration/opaTests.qunit.html": 1742329612109,
  "ext/main/Main.view.xml": 1744125525390,
  "test/testsuite.qunit.html": 1742329612105,
  "test/flpSandbox.html": 1742329612105,
  "index.html": 1742329612089
}