{
  "Component-dbg.js": 1744134123182,
  "manifest.json": 1744134123182,
  "test/integration/opaTests.qunit.js": 1744134123182,
  "test/integration/FirstJourney.js": 1744134123182,
  "ext/main/Main.controller.js": 1744134181478,
  "test/testsuite.qunit.js": 1744134123182,
  "xs-app.json": 1746477369819,
  "test/integration/pages/FacturasMain.js": 1744134123182,
  "Component.js": 1744134123182,
  "test/testsuite.qunit-dbg.js": 1744134123182,
  "test/testsuite.qunit.js.map": 1746478379656,
  "test/integration/FirstJourney-dbg.js": 1744134123182,
  "test/integration/FirstJourney.js.map": 1746478379663,
  "ext/main/Main-dbg.controller.js": 1744134181478,
  "ext/main/Main.controller.js.map": 1746478379664,
  "test/integration/opaTests.qunit-dbg.js": 1744134123182,
  "test/integration/opaTests.qunit.js.map": 1746478379648,
  "test/integration/pages/FacturasMain-dbg.js": 1744134123182,
  "test/integration/pages/FacturasMain.js.map": 1746478379650,
  "i18n/i18n.properties": 1744134123182,
  "Component.js.map": 1746478379652,
  "Component-preload.js": 1746478379851,
  "Component-preload.js.map": 1746478379851,
  "test/integration/opaTests.qunit.html": 1744134123182,
  "ext/main/Main.view.xml": 1744134181478,
  "test/testsuite.qunit.html": 1744134123182,
  "test/flpSandbox.html": 1744134123182,
  "index.html": 1744134123182
}