{
  "test/testsuite.qunit-dbg.js": 1742329612109,
  "test/testsuite.qunit.js": 1742329612109,
  "test/integration/opaTests.qunit.js": 1742329612109,
  "test/integration/FirstJourney.js": 1742329612113,
  "ext/main/Main.controller.js": 1742417063370,
  "test/integration/pages/FacturasMain.js": 1742329612113,
  "xs-app.json": 1742420106614,
  "manifest.json": 1742417382066,
  "Component.js": 1742329612089,
  "test/integration/opaTests.qunit-dbg.js": 1742329612109,
  "test/integration/opaTests.qunit.js.map": 1742420120290,
  "i18n/i18n.properties": 1742329617501,
  "test/testsuite.qunit.js.map": 1742420120273,
  "test/integration/FirstJourney-dbg.js": 1742329612113,
  "test/integration/FirstJourney.js.map": 1742420120288,
  "ext/main/Main-dbg.controller.js": 1742417063370,
  "ext/main/Main.controller.js.map": 1742420120312,
  "test/integration/pages/FacturasMain-dbg.js": 1742329612113,
  "test/integration/pages/FacturasMain.js.map": 1742420120276,
  "Component-dbg.js": 1742329612089,
  "Component.js.map": 1742420120278,
  "Component-preload.js": 1742420120389,
  "Component-preload.js.map": 1742420120389,
  "test/integration/opaTests.qunit.html": 1742329612109,
  "ext/main/Main.view.xml": 1742415163941,
  "test/testsuite.qunit.html": 1742329612105,
  "test/flpSandbox.html": 1742329612105,
  "index.html": 1742329612089
}