{
  "test/integration/opaTests.qunit.html": 1746238521034,
  "manifest.json": 1746542979845,
  "test/integration/opaTests.qunit.js": 1746238521034,
  "test/integration/FirstJourney.js": 1746238521062,
  "ext/view/Facturas.controller.js": 1746238716823,
  "ext/main/Main.controller.js": 1746404877110,
  "test/testsuite.qunit.js": 1746238521006,
  "xs-app.json": 1746817033397,
  "test/integration/pages/DetalleFacturaMain.js": 1746238521062,
  "Component.js": 1746238520778,
  "ext/main/Main-dbg.controller.js": 1746404877110,
  "ext/main/Main.controller.js.map": 1746817181341,
  "test/integration/FirstJourney-dbg.js": 1746238521062,
  "test/integration/FirstJourney.js.map": 1746817181330,
  "ext/view/Facturas-dbg.controller.js": 1746238716823,
  "ext/view/Facturas.controller.js.map": 1746817181385,
  "test/integration/opaTests.qunit-dbg.js": 1746238521034,
  "test/integration/opaTests.qunit.js.map": 1746817181332,
  "test/testsuite.qunit-dbg.js": 1746238521006,
  "test/testsuite.qunit.js.map": 1746817181335,
  "test/integration/pages/DetalleFacturaMain-dbg.js": 1746238521062,
  "test/integration/pages/DetalleFacturaMain.js.map": 1746817181335,
  "Component-dbg.js": 1746238520778,
  "Component.js.map": 1746817181337,
  "Component-preload.js": 1746817181581,
  "Component-preload.js.map": 1746817181581,
  "i18n/i18n.properties": 1746238615063,
  "ext/view/Facturas.view.xml": 1746239089377,
  "ext/main/Main.view.xml": 1746238652655,
  "test/testsuite.qunit.html": 1746238520998,
  "test/flpSandbox.html": 1746238520946,
  "css/style.css": 1746238740755,
  "index.html": 1746238520778
}