{
  "index.html": 1742481008416,
  "xs-app.json": 1742484849527,
  "test/integration/pages/ProveedoresList.js": 1742481008480,
  "test/integration/opaTests.qunit.js": 1742481008468,
  "test/integration/FirstJourney.js": 1742481008480,
  "test/testsuite.qunit.js": 1742481008448,
  "test/integration/pages/ProveedoresObjectPage.js": 1742481008484,
  "manifest.json": 1742484049192,
  "Component.js": 1742481008416,
  "test/integration/pages/ProveedoresObjectPage-dbg.js": 1742481008484,
  "test/integration/pages/ProveedoresObjectPage.js.map": 1742484876672,
  "test/integration/opaTests.qunit-dbg.js": 1742481008468,
  "test/integration/opaTests.qunit.js.map": 1742484876676,
  "test/integration/FirstJourney-dbg.js": 1742481008480,
  "test/integration/FirstJourney.js.map": 1742484876673,
  "test/testsuite.qunit-dbg.js": 1742481008448,
  "test/testsuite.qunit.js.map": 1742484876652,
  "test/integration/pages/ProveedoresList-dbg.js": 1742481008480,
  "test/integration/pages/ProveedoresList.js.map": 1742484876656,
  "Component-dbg.js": 1742481008416,
  "Component.js.map": 1742484876658,
  "Component-preload.js": 1742484876837,
  "Component-preload.js.map": 1742484876838,
  "test/integration/opaTests.qunit.html": 1742481008468,
  "test/testsuite.qunit.html": 1742481008436,
  "test/flpSandbox.html": 1742481008436,
  "i18n/i18n.properties": 1742481009348
}