{
  "Component.js.map": 1742571313704,
  "Component.js": 1741991826614,
  "test/integration/pages/ProveedoresList.js": 1741991826614,
  "test/integration/opaTests.qunit.js": 1741991826614,
  "test/integration/FirstJourney.js": 1741991826614,
  "test/testsuite.qunit.js": 1741991826614,
  "xs-app.json": 1742571289560,
  "manifest.json": 1742570713238,
  "test/integration/pages/ProveedoresObjectPage.js": 1741991826614,
  "test/testsuite.qunit-dbg.js": 1741991826614,
  "test/testsuite.qunit.js.map": 1742571313755,
  "test/integration/pages/ProveedoresList-dbg.js": 1741991826614,
  "test/integration/pages/ProveedoresList.js.map": 1742571313762,
  "test/integration/opaTests.qunit-dbg.js": 1741991826614,
  "test/integration/opaTests.qunit.js.map": 1742571313702,
  "test/integration/FirstJourney-dbg.js": 1741991826614,
  "test/integration/FirstJourney.js.map": 1742571313705,
  "Component-dbg.js": 1741991826614,
  "i18n/i18n.properties": 1741991826614,
  "test/integration/pages/ProveedoresObjectPage-dbg.js": 1741991826614,
  "test/integration/pages/ProveedoresObjectPage.js.map": 1742571313748,
  "Component-preload.js": 1742571313837,
  "Component-preload.js.map": 1742571313838,
  "test/integration/opaTests.qunit.html": 1741991826614,
  "test/testsuite.qunit.html": 1741991826614,
  "test/flpSandbox.html": 1741991826614,
  "index.html": 1741991826614
}