{
  "test/integration/opaTests.qunit.html": 1742481008468,
  "test/integration/pages/ProveedoresList.js": 1742481008480,
  "test/integration/pages/ProveedoresObjectPage.js": 1742481008484,
  "test/integration/opaTests.qunit.js": 1742481008468,
  "test/integration/FirstJourney.js": 1742481008480,
  "test/testsuite.qunit.js": 1742481008448,
  "xs-app.json": 1747755527710,
  "manifest.json": 1742946439299,
  "Component.js": 1742481008416,
  "test/integration/pages/ProveedoresList-dbg.js": 1742481008480,
  "test/integration/pages/ProveedoresList.js.map": 1747755614307,
  "test/integration/pages/ProveedoresObjectPage-dbg.js": 1742481008484,
  "test/integration/pages/ProveedoresObjectPage.js.map": 1747755614312,
  "test/integration/opaTests.qunit-dbg.js": 1742481008468,
  "test/integration/opaTests.qunit.js.map": 1747755614312,
  "test/integration/FirstJourney-dbg.js": 1742481008480,
  "test/integration/FirstJourney.js.map": 1747755614322,
  "test/testsuite.qunit-dbg.js": 1742481008448,
  "test/testsuite.qunit.js.map": 1747755614311,
  "Component-dbg.js": 1742481008416,
  "Component.js.map": 1747755614313,
  "Component-preload.js": 1747755614440,
  "Component-preload.js.map": 1747755614440,
  "i18n/i18n.properties": 1742481009348,
  "test/testsuite.qunit.html": 1742481008436,
  "test/flpSandbox.html": 1742481008436,
  "index.html": 1742481008416
}