{
  "test/testsuite.qunit.js": 1741991826614,
  "xs-app.json": 1746722665531,
  "test/integration/pages/ProveedoresList.js": 1741991826614,
  "test/integration/opaTests.qunit.js": 1741991826614,
  "test/integration/FirstJourney.js": 1741991826614,
  "i18n/i18n.properties": 1741991826614,
  "test/integration/pages/ProveedoresObjectPage.js": 1741991826614,
  "manifest.json": 1744134123206,
  "Component.js": 1741991826614,
  "test/integration/FirstJourney-dbg.js": 1741991826614,
  "test/integration/FirstJourney.js.map": 1746722749875,
  "test/integration/opaTests.qunit-dbg.js": 1741991826614,
  "test/integration/opaTests.qunit.js.map": 1746722749875,
  "test/integration/pages/ProveedoresList-dbg.js": 1741991826614,
  "test/integration/pages/ProveedoresList.js.map": 1746722749838,
  "test/testsuite.qunit-dbg.js": 1741991826614,
  "test/testsuite.qunit.js.map": 1746722749875,
  "test/integration/pages/ProveedoresObjectPage-dbg.js": 1741991826614,
  "test/integration/pages/ProveedoresObjectPage.js.map": 1746722749875,
  "Component-dbg.js": 1741991826614,
  "Component.js.map": 1746722749877,
  "Component-preload.js": 1746722750092,
  "Component-preload.js.map": 1746722750092,
  "test/integration/opaTests.qunit.html": 1741991826614,
  "test/testsuite.qunit.html": 1741991826614,
  "test/flpSandbox.html": 1741991826614,
  "index.html": 1741991826614
}