{
  "test/integration/pages/FacturasObjectPage.js.map": 1746478384860,
  "test/integration/opaTests.qunit.js": 1741991826614,
  "test/integration/pages/FacturasList.js": 1741991826614,
  "test/integration/pages/FacturasObjectPage.js": 1741991826614,
  "test/integration/FirstJourney.js": 1741991826614,
  "test/testsuite.qunit.js": 1741991826614,
  "xs-app.json": 1746477369819,
  "manifest.json": 1742570713238,
  "Component.js": 1741991826614,
  "test/integration/opaTests.qunit-dbg.js": 1741991826614,
  "test/integration/opaTests.qunit.js.map": 1746478384862,
  "test/integration/pages/FacturasList-dbg.js": 1741991826614,
  "test/integration/pages/FacturasList.js.map": 1746478384855,
  "test/integration/pages/FacturasObjectPage-dbg.js": 1741991826614,
  "i18n/i18n.properties": 1741991826614,
  "test/integration/FirstJourney-dbg.js": 1741991826614,
  "test/integration/FirstJourney.js.map": 1746478384916,
  "test/testsuite.qunit-dbg.js": 1741991826614,
  "test/testsuite.qunit.js.map": 1746478384859,
  "Component-dbg.js": 1741991826614,
  "Component.js.map": 1746478384908,
  "Component-preload.js": 1746478385012,
  "Component-preload.js.map": 1746478385012,
  "test/integration/opaTests.qunit.html": 1741991826614,
  "test/testsuite.qunit.html": 1741991826614,
  "test/flpSandbox.html": 1741991826614,
  "index.html": 1741991826614
}