{
  "test/integration/opaTests.qunit.js.map": 1742484867267,
  "test/integration/FirstJourney.js": 1742243446733,
  "test/integration/pages/FacturasList.js": 1742243446733,
  "test/integration/opaTests.qunit.js": 1742243446733,
  "test/integration/pages/FacturasObjectPage.js": 1742243446733,
  "test/testsuite.qunit.js": 1742243446733,
  "xs-app.json": 1742484849527,
  "manifest.json": 1742417382066,
  "Component.js": 1742243446733,
  "Component-dbg.js": 1742243446733,
  "Component.js.map": 1742484867260,
  "test/integration/pages/FacturasList-dbg.js": 1742243446733,
  "test/integration/pages/FacturasList.js.map": 1742484867262,
  "test/integration/opaTests.qunit-dbg.js": 1742243446733,
  "i18n/i18n.properties": 1742243446733,
  "test/integration/pages/FacturasObjectPage-dbg.js": 1742243446733,
  "test/integration/pages/FacturasObjectPage.js.map": 1742484867264,
  "test/testsuite.qunit-dbg.js": 1742243446733,
  "test/testsuite.qunit.js.map": 1742484867265,
  "test/integration/FirstJourney-dbg.js": 1742243446733,
  "test/integration/FirstJourney.js.map": 1742484867266,
  "Component-preload.js": 1742484867350,
  "Component-preload.js.map": 1742484867350,
  "test/integration/opaTests.qunit.html": 1742243446733,
  "test/testsuite.qunit.html": 1742243446733,
  "test/flpSandbox.html": 1742243446733,
  "index.html": 1742243446733
}