{
  "test/integration/FirstJourney-dbg.js": 1741991826614,
  "manifest.json": 1742570713238,
  "test/integration/pages/FacturasList.js": 1741991826614,
  "test/integration/opaTests.qunit.js": 1741991826614,
  "test/integration/FirstJourney.js": 1741991826614,
  "test/testsuite.qunit.js": 1741991826614,
  "xs-app.json": 1743779544882,
  "test/integration/pages/FacturasObjectPage.js": 1741991826614,
  "Component.js": 1741991826614,
  "test/testsuite.qunit-dbg.js": 1741991826614,
  "test/testsuite.qunit.js.map": 1743779569316,
  "test/integration/opaTests.qunit-dbg.js": 1741991826614,
  "test/integration/opaTests.qunit.js.map": 1743779569316,
  "i18n/i18n.properties": 1741991826614,
  "test/integration/FirstJourney.js.map": 1743779569322,
  "test/integration/pages/FacturasList-dbg.js": 1741991826614,
  "test/integration/pages/FacturasList.js.map": 1743779569320,
  "test/integration/pages/FacturasObjectPage-dbg.js": 1741991826614,
  "test/integration/pages/FacturasObjectPage.js.map": 1743779569318,
  "Component-dbg.js": 1741991826614,
  "Component.js.map": 1743779569318,
  "Component-preload.js": 1743779569555,
  "Component-preload.js.map": 1743779569555,
  "test/integration/opaTests.qunit.html": 1741991826614,
  "test/testsuite.qunit.html": 1741991826614,
  "test/flpSandbox.html": 1741991826614,
  "index.html": 1741991826614
}