{
  "test/integration/pages/FacturasList-dbg.js": 1742243446733,
  "test/integration/pages/FacturasObjectPage.js": 1742243446733,
  "test/integration/pages/FacturasList.js": 1742243446733,
  "test/integration/opaTests.qunit.js": 1742243446733,
  "test/integration/FirstJourney.js": 1742243446733,
  "test/testsuite.qunit.js": 1742243446733,
  "xs-app.json": 1746817033397,
  "manifest.json": 1742417382066,
  "Component.js": 1742243446733,
  "test/integration/FirstJourney-dbg.js": 1742243446733,
  "test/integration/FirstJourney.js.map": 1746817218490,
  "i18n/i18n.properties": 1742243446733,
  "test/integration/pages/FacturasList.js.map": 1746817218483,
  "test/integration/opaTests.qunit-dbg.js": 1742243446733,
  "test/integration/opaTests.qunit.js.map": 1746817218490,
  "test/integration/pages/FacturasObjectPage-dbg.js": 1742243446733,
  "test/integration/pages/FacturasObjectPage.js.map": 1746817218489,
  "test/testsuite.qunit-dbg.js": 1742243446733,
  "test/testsuite.qunit.js.map": 1746817218493,
  "Component-dbg.js": 1742243446733,
  "Component.js.map": 1746817218492,
  "Component-preload.js": 1746817218839,
  "Component-preload.js.map": 1746817218839,
  "test/integration/opaTests.qunit.html": 1742243446733,
  "test/testsuite.qunit.html": 1742243446733,
  "test/flpSandbox.html": 1742243446733,
  "index.html": 1742243446733
}