{
  "test/integration/opaTests.qunit-dbg.js": 1741991826614,
  "manifest.json": 1742570713238,
  "test/integration/pages/FacturasList.js": 1741991826614,
  "test/integration/opaTests.qunit.js": 1741991826614,
  "test/integration/FirstJourney.js": 1741991826614,
  "test/testsuite.qunit.js": 1741991826614,
  "xs-app.json": 1745873422611,
  "test/integration/pages/FacturasObjectPage.js": 1741991826614,
  "Component.js": 1741991826614,
  "test/integration/pages/FacturasList-dbg.js": 1741991826614,
  "test/integration/pages/FacturasList.js.map": 1745942305249,
  "i18n/i18n.properties": 1741991826614,
  "test/integration/opaTests.qunit.js.map": 1745942305262,
  "test/integration/FirstJourney-dbg.js": 1741991826614,
  "test/integration/FirstJourney.js.map": 1745942305255,
  "test/testsuite.qunit-dbg.js": 1741991826614,
  "test/testsuite.qunit.js.map": 1745942305246,
  "test/integration/pages/FacturasObjectPage-dbg.js": 1741991826614,
  "test/integration/pages/FacturasObjectPage.js.map": 1745942305249,
  "Component-dbg.js": 1741991826614,
  "Component.js.map": 1745942305250,
  "Component-preload.js": 1745942305346,
  "Component-preload.js.map": 1745942305346,
  "test/integration/opaTests.qunit.html": 1741991826614,
  "test/testsuite.qunit.html": 1741991826614,
  "test/flpSandbox.html": 1741991826614,
  "index.html": 1741991826614
}