{
  "test/integration/opaTests.qunit-dbg.js": 1742243446733,
  "test/integration/pages/FacturasList.js": 1742243446733,
  "test/integration/pages/FacturasObjectPage.js": 1742243446733,
  "test/integration/opaTests.qunit.js": 1742243446733,
  "test/integration/FirstJourney.js": 1742243446733,
  "test/testsuite.qunit.js": 1742243446733,
  "xs-app.json": 1747755527710,
  "manifest.json": 1742417382066,
  "Component.js": 1742243446733,
  "i18n/i18n.properties": 1742243446733,
  "test/integration/opaTests.qunit.js.map": 1747755602129,
  "test/integration/pages/FacturasObjectPage-dbg.js": 1742243446733,
  "test/integration/pages/FacturasObjectPage.js.map": 1747755602107,
  "test/integration/pages/FacturasList-dbg.js": 1742243446733,
  "test/integration/pages/FacturasList.js.map": 1747755602127,
  "test/integration/FirstJourney-dbg.js": 1742243446733,
  "test/integration/FirstJourney.js.map": 1747755602126,
  "test/testsuite.qunit-dbg.js": 1742243446733,
  "test/testsuite.qunit.js.map": 1747755602112,
  "Component-dbg.js": 1742243446733,
  "Component.js.map": 1747755602114,
  "Component-preload.js": 1747755602251,
  "Component-preload.js.map": 1747755602251,
  "test/integration/opaTests.qunit.html": 1742243446733,
  "test/testsuite.qunit.html": 1742243446733,
  "test/flpSandbox.html": 1742243446733,
  "index.html": 1742243446733
}