{
  "test/integration/pages/DetalleFacturaMain.js.map": 1746722675998,
  "manifest.json": 1746475426928,
  "test/integration/opaTests.qunit.js": 1746457934716,
  "test/integration/FirstJourney.js": 1746457934716,
  "ext/view/Facturas.controller.js": 1746457934716,
  "ext/main/Main.controller.js": 1746457934716,
  "test/testsuite.qunit.js": 1746457934716,
  "xs-app.json": 1746722665531,
  "test/integration/pages/DetalleFacturaMain.js": 1746457934716,
  "Component.js": 1746457934716,
  "test/testsuite.qunit-dbg.js": 1746457934716,
  "test/testsuite.qunit.js.map": 1746722675988,
  "test/integration/FirstJourney-dbg.js": 1746457934716,
  "test/integration/FirstJourney.js.map": 1746722675998,
  "ext/view/Facturas-dbg.controller.js": 1746457934716,
  "ext/view/Facturas.controller.js.map": 1746722676028,
  "ext/main/Main-dbg.controller.js": 1746457934716,
  "ext/main/Main.controller.js.map": 1746722676001,
  "test/integration/opaTests.qunit-dbg.js": 1746457934716,
  "test/integration/opaTests.qunit.js.map": 1746722676010,
  "test/integration/pages/DetalleFacturaMain-dbg.js": 1746457934716,
  "i18n/i18n.properties": 1746457934716,
  "Component-dbg.js": 1746457934716,
  "Component.js.map": 1746722676008,
  "Component-preload.js": 1746722676363,
  "Component-preload.js.map": 1746722676363,
  "test/integration/opaTests.qunit.html": 1746457934716,
  "ext/view/Facturas.view.xml": 1746457934716,
  "ext/main/Main.view.xml": 1746457934716,
  "test/testsuite.qunit.html": 1746457934716,
  "test/flpSandbox.html": 1746457934716,
  "css/style.css": 1746457934716,
  "index.html": 1746457934716
}