{
  "test/integration/opaTests.qunit.js": 1746234452209,
  "xs-app.json": 1746817033397,
  "i18n/i18n.properties": 1746234867031,
  "test/integration/FirstJourney.js": 1746234452221,
  "ext/view/Facturas.controller.js": 1746235863181,
  "ext/main/Main.controller.js": 1746404923399,
  "test/testsuite.qunit.js": 1746234452205,
  "test/integration/pages/DetalleFacturaMain.js": 1746234452221,
  "manifest.json": 1746542979845,
  "Component.js": 1746234452169,
  "ext/main/Main-dbg.controller.js": 1746404923399,
  "ext/main/Main.controller.js.map": 1746817157333,
  "test/integration/FirstJourney-dbg.js": 1746234452221,
  "test/integration/FirstJourney.js.map": 1746817157327,
  "ext/view/Facturas-dbg.controller.js": 1746235863181,
  "ext/view/Facturas.controller.js.map": 1746817157350,
  "test/integration/opaTests.qunit-dbg.js": 1746234452209,
  "test/integration/opaTests.qunit.js.map": 1746817157326,
  "test/testsuite.qunit-dbg.js": 1746234452205,
  "test/testsuite.qunit.js.map": 1746817157330,
  "test/integration/pages/DetalleFacturaMain-dbg.js": 1746234452221,
  "test/integration/pages/DetalleFacturaMain.js.map": 1746817157329,
  "Component-dbg.js": 1746234452169,
  "Component.js.map": 1746817157332,
  "Component-preload.js": 1746817157605,
  "Component-preload.js.map": 1746817157605,
  "ext/view/Facturas.view.xml": 1746235898493,
  "test/integration/opaTests.qunit.html": 1746234452205,
  "ext/main/Main.view.xml": 1746235716796,
  "test/testsuite.qunit.html": 1746234452201,
  "test/flpSandbox.html": 1746234452193,
  "css/style.css": 1746235792404,
  "index.html": 1746234452169
}