{
  "ext/view/Facturas-dbg.controller.js": 1746235863181,
  "Component.js": 1746234452169,
  "test/integration/opaTests.qunit.js": 1746234452209,
  "test/integration/FirstJourney.js": 1746234452221,
  "ext/view/Facturas.controller.js": 1746235863181,
  "ext/main/Main.controller.js": 1746404923399,
  "test/testsuite.qunit.js": 1746234452205,
  "xs-app.json": 1747755527710,
  "manifest.json": 1746542979845,
  "test/integration/pages/DetalleFacturaMain.js": 1746234452221,
  "i18n/i18n.properties": 1746234867031,
  "ext/view/Facturas.controller.js.map": 1747755537404,
  "test/integration/opaTests.qunit-dbg.js": 1746234452209,
  "test/integration/opaTests.qunit.js.map": 1747755537381,
  "test/integration/FirstJourney-dbg.js": 1746234452221,
  "test/integration/FirstJourney.js.map": 1747755537384,
  "Component-dbg.js": 1746234452169,
  "Component.js.map": 1747755537308,
  "ext/main/Main-dbg.controller.js": 1746404923399,
  "ext/main/Main.controller.js.map": 1747755537320,
  "test/testsuite.qunit-dbg.js": 1746234452205,
  "test/testsuite.qunit.js.map": 1747755537325,
  "test/integration/pages/DetalleFacturaMain-dbg.js": 1746234452221,
  "test/integration/pages/DetalleFacturaMain.js.map": 1747755537325,
  "Component-preload.js": 1747755537612,
  "Component-preload.js.map": 1747755537612,
  "test/integration/opaTests.qunit.html": 1746234452205,
  "ext/view/Facturas.view.xml": 1746235898493,
  "ext/main/Main.view.xml": 1746235716796,
  "test/testsuite.qunit.html": 1746234452201,
  "test/flpSandbox.html": 1746234452193,
  "css/style.css": 1746235792404,
  "index.html": 1746234452169
}